district,numberOfRooms,meters,furniture,price
Bieżanów-Prokocim,3,64.1,True,960000.0
Prądnik Czerwony,2,53.06,False,1000000.0
Krowodrza,2,46,True,756756.0
Bieżanów-Prokocim,3,58.66,False,740000.0
Prądnik Biały,2,40.14,False,635000.0
Mistrzejowice,2,20.2,False,202000.0
Bieńczyce,2,36,True,550000.0
Mistrzejowice,1,19,False,190000.0
Bieżanów-Prokocim,2,45,True,640000.0
Podgórze Duchackie,3,57.55,True,690000.0
Mistrzejowice,2,30.5,False,305000.0
Stare Miasto,2,53,True,899000.0
Czyżyny,2,50,True,770000.0
Mistrzejowice,1,20,True,299000.0
Czyżyny,3,49,False,695000.0
Bieżanów-Prokocim,2,33,True,495000.0
Mistrzejowice,3,64.85,False,715000.0
Krowodrza,2,55.72,True,1139000.0
Prądnik Biały,2,33.1,False,330000.0
Krowodrza,2,50.14,True,852000.0
Czyżyny,2,52,True,690000.0
Zwierzyniec,3,50,False,840000.0
Podgórze Duchackie,2,72,False,699000.0
Czyżyny,3,53,True,760000.0
Bieżanów-Prokocim,2,49.6,False,570000.0
Krowodrza,2,41.52,False,830000.0
Bieżanów-Prokocim,3,47.03,True,576000.0
Krowodrza,3,48,True,890000.0
Podgórze,2,46,True,952000.0
Mistrzejowice,2,39.5,True,585000.0
Grzegórzki,2,49.9,False,747000.0
Mistrzejowice,3,46.8,True,584000.0
Prądnik Biały,3,111.75,True,1341000.0
Prądnik Czerwony,3,55.12,True,649000.0
Podgórze Duchackie,3,56.11,False,660000.0
Nowa Huta,4,54.53,False,699000.0
Podgórze,3,60.91,True,870000.0
Grzegórzki,2,48.6,False,570999.0
Stare Miasto,2,40.26,False,795000.0
Stare Miasto,2,34.5,True,755000.0
Krowodrza,2,46.5,False,720000.0
Dębniki,4,85.33,True,1249000.0
Dębniki,3,56.4,True,675000.0
Dębniki,3,48.2,True,679000.0
Bieńczyce,2,46.2,False,619000.0
Krowodrza,3,47.9,True,650000.0
Podgórze,3,77.11,True,1739000.0
Podgórze Duchackie,3,56,True,689000.0
Prądnik Biały,3,59.5,True,1050000.0
Grzegórzki,2,48.3,False,780000.0
Bieńczyce,2,37,True,517000.0
Bieżanów-Prokocim,2,34,False,389000.0
Grzegórzki,3,71.59,True,1396005.0
Dębniki,2,34,False,531000.0
Podgórze Duchackie,2,45,False,260000.0
Mistrzejowice,2,45.01,True,527000.0
Bieżanów-Prokocim,1,23.1,True,390000.0
Nowa Huta,2,37,True,440000.0
Bieżanów-Prokocim,2,25,False,399000.0
Bieńczyce,3,55.4,True,635000.0
Mistrzejowice,4,56.01,False,590000.0
Bieżanów-Prokocim,2,51.8,True,779000.0
Czyżyny,4,62,True,810000.0
Nowa Huta,4,95,False,1138955.0
Prądnik Biały,2,37.29,True,499000.0
Krowodrza,2,51,True,799000.0
Bieńczyce,2,36.1,True,474000.0
Bieżanów-Prokocim,1,23,True,299000.0
Bieżanów-Prokocim,3,61.62,False,690000.0
Podgórze,4,98,False,885000.0
Prądnik Biały,2,44.22,False,599000.0
Podgórze Duchackie,4,62.5,False,630000.0
Krowodrza,2,37.71,True,773000.0
Prądnik Biały,2,33.87,False,531759.0
Prądnik Biały,4,70.5,True,1200000.0
Podgórze Duchackie,3,60.4,True,829000.0
Nowa Huta,1,32.24,True,440000.0
Podgórze Duchackie,2,32,False,550000.0
Dębniki,2,34.2,False,565000.0
Podgórze,1,22,True,517000.0
Prądnik Czerwony,2,36,True,498000.0
Grzegórzki,2,48.6,True,590000.0
Prądnik Biały,3,66.5,True,859000.0
Bieżanów-Prokocim,2,28,False,359000.0
Bieżanów-Prokocim,3,46.85,True,679000.0
Łagiewniki-Borek Fałęcki,1,22,False,233000.0
Prądnik Czerwony,2,62.04,True,804224.52
Podgórze,3,47.2,True,660000.0
Bieżanów-Prokocim,1,24,False,210000.0
Prądnik Biały,2,51,True,699000.0
Bieżanów-Prokocim,2,39,False,459900.0
Krowodrza,2,62.7,True,845000.0
Mistrzejowice,1,30,True,420000.0
Dębniki,3,64.5,True,835000.0
Podgórze Duchackie,1,34,True,499000.0
Bronowice,4,92.5,False,1199000.0
Bieńczyce,2,36,False,499000.0
Bieżanów-Prokocim,3,50,True,770000.0
Podgórze Duchackie,2,36,True,585000.0
Prądnik Biały,1,22.9,False,279000.0
Krowodrza,1,35.35,False,585000.0
Podgórze,1,14,True,367000.0
Podgórze Duchackie,4,81.25,True,880000.0
Czyżyny,2,43.17,False,539000.0
Dębniki,2,53.3,True,745000.0
Bieńczyce,2,41.18,True,569000.0
Prądnik Czerwony,3,48.5,False,625000.0
Bieżanów-Prokocim,4,135,True,1349000.0
Prądnik Czerwony,3,42.8,False,399000.0
Podgórze,3,75,True,1425000.0
Mistrzejowice,1,20,True,299000.0
Prądnik Biały,2,33.1,False,330000.0
Prądnik Biały,2,70,True,1135000.0
Nowa Huta,3,54,True,620000.0
Podgórze Duchackie,3,63,True,719000.0
Bieńczyce,3,52.54,True,850000.0
Bieżanów-Prokocim,3,55,True,749000.0
Prądnik Biały,4,70.08,False,1199000.0
Podgórze,2,56.2,True,670000.0
Dębniki,2,49,True,669000.0
Prądnik Czerwony,3,45.86,False,550000.0
Krowodrza,2,48.09,False,780000.0
Grzegórzki,2,34,False,809000.0
Prądnik Biały,2,39,False,553000.0
Grzegórzki,2,20.4,False,219000.0
Prądnik Czerwony,4,81,True,1099995.0
Stare Miasto,2,44,False,528000.0
Mistrzejowice,1,19,False,249000.0
Bieżanów-Prokocim,2,44.43,True,699000.0
Bieżanów-Prokocim,3,49,True,685000.0
Prądnik Biały,2,48,True,779000.0
Nowa Huta,3,44,True,543000.0
Podgórze,2,46,False,561200.0
Czyżyny,2,52,True,690000.0
Prądnik Czerwony,3,53.98,False,949000.0
Prądnik Biały,1,21.13,False,250000.0
Bieżanów-Prokocim,3,67.7,True,699999.0
Bronowice,2,36,True,518000.0
Podgórze,2,44.4,True,794760.0
Dębniki,3,47.3,False,730000.0
Wzgórza Krzesławickie,2,42.57,False,579000.0
Stare Miasto,1,46,True,765000.0
Czyżyny,2,36,True,649000.0
Podgórze Duchackie,2,45.02,True,540000.0
Bronowice,1,19.5,False,359000.0
Prądnik Biały,2,42.8,False,549000.0
Podgórze Duchackie,3,57.55,True,690000.0
Prądnik Biały,2,39,False,553000.0
Podgórze Duchackie,1,25.87,True,395000.0
Bronowice,1,19.5,False,359000.0
Prądnik Biały,2,42.8,False,549000.0
Podgórze,2,49.38,True,549000.0
Dębniki,2,43.9,True,649000.0
Krowodrza,2,37,True,530000.0
Podgórze Duchackie,2,29,True,388618.0
Mistrzejowice,3,60,False,730000.0
Dębniki,3,61,False,695000.0
Krowodrza,2,44,True,899000.0
Podgórze,2,41.6,False,565000.0
Prądnik Czerwony,2,46.3,True,569000.0
Prądnik Biały,2,33.1,False,330000.0
Prądnik Biały,2,40.14,False,635000.0
Prądnik Czerwony,2,40.73,False,599000.0
Podgórze,2,43,True,695000.0
Dębniki,2,52,True,685000.0
Prądnik Czerwony,1,32.96,True,449990.0
Krowodrza,2,42,True,670000.0
Bieńczyce,2,40,True,610000.0
Podgórze Duchackie,3,53.2,True,642000.0
Dębniki,4,92.1,True,1390000.0
Krowodrza,2,43,True,399000.0
Prądnik Biały,2,37,True,499000.0
Dębniki,3,59.5,True,950000.0
Prądnik Czerwony,3,45.86,False,550000.0
Krowodrza,2,43,True,825000.0
Łagiewniki-Borek Fałęcki,1,13.4,False,146000.0
Bieńczyce,2,37,True,609000.0
Grzegórzki,1,22.05,True,439000.0
Nowa Huta,2,46,False,509000.0
Krowodrza,2,37,True,530000.0
Prądnik Biały,2,58,True,499000.0
Grzegórzki,2,20.6,False,219000.0
Prądnik Biały,3,64,True,1196000.0
Bieżanów-Prokocim,4,121.76,False,1399000.0
Bieżanów-Prokocim,3,50,True,770000.0
Grzegórzki,2,48.3,False,780000.0
Prądnik Czerwony,2,40.73,False,599000.0
Krowodrza,2,51.61,True,890000.0
Bieńczyce,3,54.13,True,610000.0
Stare Miasto,2,33.03,False,589586.0
Bronowice,3,64.58,False,734000.0
Nowa Huta,2,37,True,549900.0
Podgórze Duchackie,1,33.4,False,495000.0
Dębniki,2,42.57,False,649000.0
Dębniki,4,92.49,True,1550000.0
Łagiewniki-Borek Fałęcki,1,17,False,249900.0
Prądnik Biały,2,37.6,True,599000.0
Czyżyny,2,52,True,690000.0
Prądnik Czerwony,2,40.73,False,599000.0
Czyżyny,4,62,True,810000.0
Podgórze,3,47,True,860000.0
Łagiewniki-Borek Fałęcki,1,17,False,249900.0
Mistrzejowice,1,20,True,299000.0
Łagiewniki-Borek Fałęcki,1,21.4,False,279000.0
Prądnik Biały,2,37.09,True,550000.0
Łagiewniki-Borek Fałęcki,2,44,False,540000.0
Mistrzejowice,1,20.2,False,202000.0
Bronowice,2,45.45,False,699000.0
Podgórze Duchackie,2,29,True,478000.0
Podgórze Duchackie,3,48,True,660000.0
Krowodrza,2,51.61,True,890000.0
Podgórze Duchackie,1,18.5,False,235000.0
Dębniki,2,48.81,True,990000.0
Nowa Huta,2,35,True,499000.0
Czyżyny,2,25,True,499000.0
Mistrzejowice,2,39.01,False,519000.0
Podgórze Duchackie,4,66.17,False,1090000.0
Prądnik Biały,3,48.71,False,657585.0
Prądnik Czerwony,2,42.87,False,979000.0
Krowodrza,4,72,False,1050000.0
Dębniki,4,81,False,931500.0
Prądnik Biały,2,40.14,False,635000.0
Prądnik Biały,4,70.5,True,1200000.0
Krowodrza,3,60,False,829000.0
Stare Miasto,4,131.4,True,2100000.0
Grzegórzki,3,52,True,650000.0
Nowa Huta,2,44.02,True,649000.0
Krowodrza,2,51,True,640000.0
Bieżanów-Prokocim,2,37.41,False,448500.0
Bieżanów-Prokocim,2,36.7,True,499000.0
Dębniki,3,61.34,True,956000.0
Łagiewniki-Borek Fałęcki,2,48.5,True,530000.0
Prądnik Biały,2,36.91,False,499000.0
Grzegórzki,2,43.35,True,1432800.0
Podgórze,2,30.7,True,549000.0
Prądnik Biały,3,59.5,True,1050000.0
Bieżanów-Prokocim,3,70.75,False,928000.0
Stare Miasto,2,44.4,True,789000.0
Czyżyny,3,47,True,839999.0
Prądnik Czerwony,1,33.8,True,540000.0
Bronowice,2,35.9,True,574364.1
Dębniki,3,56.97,True,969930.0
Dębniki,3,60,False,1080000.0
Stare Miasto,4,111,True,2500000.0
Grzegórzki,3,52.5,True,770000.0
Dębniki,1,36.58,True,620000.0
Grzegórzki,2,48.3,False,780000.0
Podgórze,2,46,True,999999.0
Prądnik Biały,1,21.13,False,250000.0
Dębniki,1,36.58,True,620000.0
Dębniki,3,55,False,759000.0
Dębniki,2,53.02,True,719000.0
Dębniki,2,55.8,True,860000.0
Bieńczyce,3,46.43,True,679000.0
Bieżanów-Prokocim,3,46,True,559000.0
Grzegórzki,1,33.1,False,529000.0
Mistrzejowice,3,60.27,False,765429.0
Bieńczyce,1,24.8,True,358000.0
Prądnik Biały,2,33.87,False,531759.0
Grzegórzki,2,43.35,True,1432800.0
Podgórze,2,30.7,True,549000.0
Prądnik Czerwony,3,50.25,True,990000.0
Bieżanów-Prokocim,3,53.5,True,758900.0
Stare Miasto,1,20.23,False,399000.0
Zwierzyniec,3,66.57,False,1500000.0
Podgórze Duchackie,1,33.33,True,465000.0
Podgórze Duchackie,3,59.56,True,690000.0
Krowodrza,3,44.5,True,599000.0
Krowodrza,2,41.13,True,660000.0
Prądnik Biały,3,69,True,799000.0
Łagiewniki-Borek Fałęcki,1,20,True,250000.0
Prądnik Biały,3,59.5,True,1050000.0
Prądnik Czerwony,4,75.21,False,1052940.0
Prądnik Czerwony,2,53.06,False,1000000.0
Dębniki,4,82,True,1349000.0
Krowodrza,2,33.12,False,599000.0
Bieńczyce,3,55,True,790000.0
Podgórze Duchackie,3,67.15,False,929000.0
Bieńczyce,3,55,False,714900.0
Prądnik Biały,4,53.81,False,724000.0
Podgórze Duchackie,1,22.7,False,302500.0
Bieżanów-Prokocim,2,39,False,499000.0
Bieżanów-Prokocim,3,64.1,True,960000.0
Krowodrza,1,17.01,True,339000.0
Prądnik Biały,2,40.14,False,635000.0
Prądnik Czerwony,2,50.45,True,899000.0
Krowodrza,3,52.1,True,829000.0
Stare Miasto,2,41,True,910000.0
Łagiewniki-Borek Fałęcki,1,22,False,235000.0
Łagiewniki-Borek Fałęcki,3,66,True,779000.0
Mistrzejowice,2,40.9,True,310000.0
Podgórze,1,17.3,True,289000.0
Mistrzejowice,2,50,True,660000.0
Prądnik Czerwony,3,50.3,True,625000.0
Podgórze,4,70.99,False,860000.0
Grzegórzki,2,48.3,False,780000.0
Bieżanów-Prokocim,3,58.66,False,740000.0
Grzegórzki,2,48.6,False,570999.0
Podgórze,4,70.99,False,860000.0
Łagiewniki-Borek Fałęcki,3,62.4,False,998400.0
Podgórze,1,20,True,289000.0
Prądnik Czerwony,3,45.86,False,550000.0
Nowa Huta,2,55,True,799000.0
Mistrzejowice,2,40.9,True,310000.0
Podgórze,2,45.11,False,499000.0
Prądnik Biały,4,67.63,False,1325000.0
Prądnik Biały,4,141,False,1400000.0
Grzegórzki,1,15.7,True,285000.0
Krowodrza,3,48,True,890000.0
Bieżanów-Prokocim,2,37.1,True,495000.0
Bieżanów-Prokocim,2,33,True,495000.0
Prądnik Biały,3,49,True,709000.0
Nowa Huta,2,45,True,565000.0
Krowodrza,1,17.01,True,339000.0
Podgórze,2,46,False,561200.0
Grzegórzki,1,15.7,False,285000.0
Krowodrza,2,32.6,True,585000.0
Prądnik Biały,3,52.5,False,660000.0
Prądnik Czerwony,3,59.4,False,770000.0
Bieżanów-Prokocim,1,21,True,295000.0
Podgórze Duchackie,4,84.25,True,919000.0
Swoszowice,4,61.63,False,699990.0
Bieżanów-Prokocim,2,45,True,640000.0
Bieżanów-Prokocim,3,57.76,True,990000.0
Podgórze,3,42,True,589999.0
Prądnik Biały,2,34.31,True,600000.0
Bieńczyce,3,45,True,700000.0
Bronowice,3,55.41,False,799000.0
Grzegórzki,2,44.1,True,992250.0
Podgórze Duchackie,2,35,True,599000.0
Podgórze,2,40,True,464000.0
Bieżanów-Prokocim,2,33,False,564000.0
Podgórze,2,40.75,False,647925.0
Stare Miasto,4,115.2,False,2050000.0
Stare Miasto,2,40.26,False,795000.0
Grzegórzki,2,43.35,True,1432800.0
Nowa Huta,3,50,False,785000.0
Czyżyny,2,29.3,True,549900.0
Prądnik Czerwony,2,36.85,True,550000.0
Dębniki,2,57,True,670000.0
Podgórze Duchackie,3,47.3,True,756000.0
Dębniki,3,46.3,False,694000.0
Wzgórza Krzesławickie,1,26,False,328000.0
Prądnik Biały,2,37.5,False,449000.0
Dębniki,2,43.03,True,779840.0
Dębniki,2,39.01,True,585000.0
Prądnik Biały,3,59.5,True,1050000.0
Krowodrza,3,48,True,890000.0
Bieżanów-Prokocim,3,47.03,True,576000.0
Prądnik Biały,2,36.63,False,476000.0
Bieżanów-Prokocim,4,62.72,False,849000.0
Nowa Huta,1,18.5,True,340000.0
Podgórze,2,35,True,565000.0
Mistrzejowice,1,26,True,443000.0
Nowa Huta,2,52.38,False,578900.0
Bieżanów-Prokocim,4,104.81,False,1666479.0
Prądnik Biały,4,64,True,799000.0
Podgórze,3,74.5,True,1399000.0
Prądnik Czerwony,2,53.06,False,1000000.0
Nowa Huta,4,95,False,1138955.0
Podgórze,3,75,True,1425000.0
Prądnik Czerwony,2,46.02,False,549000.0
Prądnik Biały,2,38,False,559700.0
Mistrzejowice,1,29.1,True,435000.0
Dębniki,2,40.89,False,650000.0
Podgórze,2,31.44,False,556488.0
Prądnik Biały,4,68.54,False,1185000.0
Bronowice,3,59.36,True,1127000.0
Bieńczyce,3,56.2,True,988900.0
Grzegórzki,1,21.33,True,520000.0
Grzegórzki,2,34.14,True,527000.0
Prądnik Biały,2,33.87,False,531759.0
Prądnik Biały,2,39,False,553000.0
Podgórze Duchackie,3,57.55,True,690000.0
Czyżyny,3,54.31,True,960000.0
Swoszowice,3,58.47,False,769900.0
Mistrzejowice,3,37.23,False,595900.0
Bronowice,2,36.08,False,530000.0
Podgórze,1,30.07,True,399000.0
Dębniki,2,37.2,True,610000.0
Łagiewniki-Borek Fałęcki,1,22,False,233000.0
Mistrzejowice,3,65.26,False,699000.0
Czyżyny,3,53,True,300000.0
Prądnik Biały,1,22.9,False,279000.0
Prądnik Czerwony,2,62.04,True,804224.52
Krowodrza,2,50,True,699000.0
Podgórze,2,31.23,False,499997.0
Stare Miasto,4,115,True,1950000.0
Podgórze Duchackie,3,57,True,908000.0
Podgórze,3,49.22,False,830000.0
Podgórze,3,57.19,False,646247.0
Prądnik Biały,2,47.2,True,649000.0
Podgórze Duchackie,3,45,True,690000.0
Bieżanów-Prokocim,1,18.5,False,215000.0
Nowa Huta,2,36.39,True,469000.0
Prądnik Czerwony,3,45.86,False,550000.0
Czyżyny,3,53,True,300000.0
Dębniki,2,48.81,True,990000.0
Bieżanów-Prokocim,1,18.5,False,215000.0
Nowa Huta,2,36.39,True,469000.0
Grzegórzki,2,20.6,False,219000.0
Bieżanów-Prokocim,2,45.1,False,529000.0
Bieżanów-Prokocim,2,49.5,True,594000.0
Wzgórza Krzesławickie,3,52.49,True,670000.0
Stare Miasto,2,36.75,False,459000.0
Swoszowice,2,51.27,True,630000.0
Łagiewniki-Borek Fałęcki,2,40,True,619900.0
Bieńczyce,2,38,True,550000.0
Bieżanów-Prokocim,2,54.5,True,749000.0
Prądnik Czerwony,2,40.73,False,599000.0
Mistrzejowice,2,39.5,False,629000.0
Podgórze Duchackie,2,32.6,False,540000.0
Dębniki,3,57.09,True,899000.0
Prądnik Biały,4,126,False,1480000.0
Prądnik Biały,2,36.55,True,635000.0
Bieżanów-Prokocim,3,94.86,True,899900.0
Prądnik Biały,3,55.58,False,655000.0
Krowodrza,3,74,False,990000.0
Mistrzejowice,3,50.5,True,639000.0
Dębniki,2,38.85,False,594558.0
Podgórze Duchackie,4,66,True,869000.0
Prądnik Biały,2,33.1,False,330000.0
Grzegórzki,2,48.6,False,570999.0
Wzgórza Krzesławickie,1,28,True,465000.0
Podgórze,1,27.5,True,398000.0
Nowa Huta,3,43.4,True,649000.0
Krowodrza,1,30,True,475000.0
Grzegórzki,2,49.5,True,742500.0
Bieńczyce,2,37,True,609000.0
Stare Miasto,4,142,False,4200000.0
Krowodrza,1,25,False,450000.0
Podgórze,4,83.56,True,950000.0
Bronowice,3,56.31,True,879000.0
Krowodrza,2,37,True,690000.0
Grzegórzki,2,34.67,True,919900.0
Krowodrza,2,39,True,699000.0
Bieżanów-Prokocim,4,99.44,False,1229000.0
Podgórze,2,50,True,277000.0
Grzegórzki,1,14.7,True,229000.0
Krowodrza,2,52.44,True,849000.0
Bieżanów-Prokocim,1,28,False,389000.0
Prądnik Biały,3,56.58,True,899000.0
Podgórze,3,50,True,996000.0
Zwierzyniec,3,72,True,1559000.0
Czyżyny,2,37,True,680000.0
Stare Miasto,2,34.5,True,755000.0
Bieżanów-Prokocim,2,37.1,True,495000.0
Bieńczyce,4,91,False,549000.0
Prądnik Biały,3,49.27,False,699000.0
Podgórze Duchackie,4,65.05,False,999000.0
Stare Miasto,4,103,False,2285000.0
Wzgórza Krzesławickie,1,22.61,False,377000.0
Stare Miasto,2,36,True,695000.0
Prądnik Biały,1,36.5,False,499000.0
Prądnik Biały,2,40,False,649000.0
Podgórze,2,31.88,True,629897.0
Bieńczyce,3,44.14,True,659000.0
Stare Miasto,4,115.2,False,2050000.0
Krowodrza,2,44,True,899000.0
Krowodrza,2,55.72,True,1139000.0
Bieżanów-Prokocim,3,62.23,False,684467.75
Bieżanów-Prokocim,2,44.4,True,649000.0
Prądnik Biały,3,45,False,545000.0
Grzegórzki,3,45,True,769000.0
Czyżyny,2,25,True,499000.0
Nowa Huta,3,53.6,True,620000.0
Bieżanów-Prokocim,3,48.11,True,799999.0
Bieńczyce,2,37,True,550000.0
Podgórze,1,20.89,True,390000.0
Dębniki,1,23.17,True,390000.0
Krowodrza,2,37.71,True,773000.0
Bieżanów-Prokocim,3,64.1,True,960000.0
Krowodrza,1,25,True,450000.0
Prądnik Czerwony,2,35.5,True,255000.0
Bronowice,2,40,False,549000.0
Krowodrza,2,38.5,True,595000.0
Krowodrza,1,26.72,True,610000.0
Krowodrza,3,46.8,True,750000.0
Łagiewniki-Borek Fałęcki,2,43.89,True,900000.0
Bieżanów-Prokocim,2,42.5,True,649000.0
Dębniki,2,47.57,True,630000.0
Grzegórzki,2,36.5,False,540000.0
Nowa Huta,3,63,True,880000.0
Podgórze Duchackie,3,57.55,True,690000.0
Grzegórzki,2,34,False,809000.0
Stare Miasto,2,47,True,987000.0
Prądnik Czerwony,4,81,True,1477000.0
Dębniki,2,51,True,963000.0
Stare Miasto,2,40,True,1029000.0
Czyżyny,2,50.1,False,770000.0
Prądnik Biały,3,67.8,False,1024000.0
Grzegórzki,2,36.36,True,595000.0
Krowodrza,2,60.77,True,950000.0
Podgórze Duchackie,1,24.7,True,415000.0
Stare Miasto,4,105.4,True,2358000.0
Krowodrza,2,37.25,True,699000.0
Krowodrza,2,48.09,False,780000.0
Podgórze Duchackie,1,25.87,True,395000.0
Mistrzejowice,1,20,True,299000.0
Bieżanów-Prokocim,2,45,True,595000.0
Bieżanów-Prokocim,4,63.02,False,610000.0
Dębniki,1,34.11,False,450000.0
Prądnik Biały,2,37,True,732000.0
Nowa Huta,2,53.38,True,619900.0
Mistrzejowice,3,78.84,True,967000.0
Zwierzyniec,3,71.73,False,1250000.0
Dębniki,3,84.64,False,1080000.0
Bieżanów-Prokocim,2,34.06,False,515000.0
Bieńczyce,2,37,True,517000.0
Czyżyny,4,62,True,810000.0
Podgórze Duchackie,2,36,True,585000.0
Grzegórzki,2,41,True,520000.0
Bieżanów-Prokocim,4,72.42,False,769000.0
Podgórze Duchackie,1,18.5,False,235000.0
Bronowice,2,37.64,True,644000.0
Podgórze Duchackie,1,24.5,True,419000.0
Podgórze Duchackie,1,15.6,False,155000.0
Podgórze Duchackie,4,82.84,False,990000.0
Podgórze,2,28.82,True,619812.0
Bieżanów-Prokocim,3,69.4,False,790000.0
Prądnik Biały,4,80,True,1599000.0
Swoszowice,3,96,True,997600.0
Stare Miasto,1,37,False,659000.0
Krowodrza,1,15,False,249000.0
Podgórze Duchackie,3,56.1,True,685000.0
Grzegórzki,3,52,True,1092000.0
Swoszowice,3,48.36,False,626000.0
Podgórze Duchackie,1,34,True,520000.0
Dębniki,4,77.03,False,1549000.0
Prądnik Biały,3,57.17,False,639000.0
Grzegórzki,2,45,True,970000.0
Bieżanów-Prokocim,3,47.03,True,576000.0
Dębniki,2,48.81,True,990000.0
Krowodrza,2,43,True,825000.0
Łagiewniki-Borek Fałęcki,1,22,False,233000.0
Stare Miasto,1,33.58,True,530000.0
Bieżanów-Prokocim,4,62.72,False,849000.0
Dębniki,2,46.74,True,740000.0
Podgórze,4,146.2,False,2300000.0
Bieżanów-Prokocim,2,42,True,599000.0
Bieżanów-Prokocim,4,87.55,True,1135585.0
Dębniki,2,34,False,690000.0
Grzegórzki,4,64,True,889000.0
Stare Miasto,1,33,True,663000.0
Podgórze,3,45.58,True,850000.0
Stare Miasto,2,40.26,False,795000.0
Bieńczyce,2,37,True,517000.0
Stare Miasto,1,33,True,663000.0
Grzegórzki,2,20.6,False,219000.0
Prądnik Biały,1,21.13,False,250000.0
Podgórze Duchackie,3,70,True,849000.0
Prądnik Czerwony,3,64,True,850000.0
Krowodrza,1,37,True,559000.0
Podgórze Duchackie,3,49.1,True,679000.0
Czyżyny,3,60.5,False,890000.0
Prądnik Czerwony,3,44,True,687000.0
Grzegórzki,1,38,True,535000.0
Krowodrza,2,46,True,756756.0
Prądnik Biały,3,59.5,True,1050000.0
Prądnik Czerwony,2,62.04,True,804224.52
Swoszowice,4,61.63,False,699990.0
Podgórze,2,49.09,True,750000.0
Stare Miasto,3,70,False,1089000.0
Prądnik Czerwony,4,87.21,False,1369197.0
Zwierzyniec,4,130,False,1699000.0
Prądnik Biały,2,64,False,750000.0
Zwierzyniec,3,70,False,630000.0
Bieżanów-Prokocim,4,99.4,False,1259000.0
Nowa Huta,1,18.25,True,380000.0
Bieżanów-Prokocim,3,68.9,True,970000.0
Prądnik Biały,2,40.14,False,635000.0
Bieżanów-Prokocim,2,45,True,640000.0
Swoszowice,3,96,True,997600.0
Zwierzyniec,4,82.08,False,1390000.0
Podgórze,3,59,True,799000.0
Zwierzyniec,3,65.99,False,1781730.0
Prądnik Biały,4,126,False,1340000.0
Krowodrza,1,20,True,430000.0
Nowa Huta,2,46,False,555000.0
Prądnik Biały,2,39.75,False,616125.0
Podgórze,2,45.24,False,570024.0
Prądnik Biały,3,65.73,False,887355.0
Podgórze,3,62.5,True,835000.0
Zwierzyniec,4,102.8,True,1289999.0
Prądnik Czerwony,2,53.06,False,1000000.0
Podgórze,2,30.7,True,549000.0
Dębniki,3,83,True,895000.0
Stare Miasto,1,24.5,False,459000.0
Bieżanów-Prokocim,2,50,True,575000.0
Stare Miasto,2,50.3,True,949000.0
Bieńczyce,2,36,True,495000.0
Podgórze,4,144.57,False,3600000.0
Bieżanów-Prokocim,2,37.1,False,479000.0
Podgórze,2,36,True,670000.0
Stare Miasto,2,52,True,949000.0
Łagiewniki-Borek Fałęcki,3,66,True,799000.0
Stare Miasto,2,34.5,True,755000.0
Stare Miasto,2,53,True,899000.0
Prądnik Czerwony,3,45.86,False,550000.0
Czyżyny,2,36.93,False,559000.0
Prądnik Biały,3,46.95,True,699000.0
Łagiewniki-Borek Fałęcki,3,58.4,True,750000.0
Podgórze,4,80.19,False,1467477.0
Podgórze,2,42,True,589999.0
Bieńczyce,2,38.28,True,489999.0
Krowodrza,3,64,True,1349000.0
Czyżyny,4,86.61,True,1279000.0
Grzegórzki,2,32,True,540000.0
Prądnik Biały,2,39.3,False,648450.0
Bieżanów-Prokocim,3,64.1,True,960000.0
Stare Miasto,3,62,False,1490000.0
Wzgórza Krzesławickie,1,28,True,465000.0
Podgórze,2,30.88,False,449000.0
Nowa Huta,2,49,False,565000.0
Prądnik Biały,1,25.33,False,430000.0
Dębniki,2,39,False,585000.0
Podgórze,3,64,True,1465600.0
Bieżanów-Prokocim,2,49.37,False,658000.0
Bronowice,4,103.4,False,2016300.0
Bieżanów-Prokocim,2,50.5,False,630000.0
Prądnik Czerwony,3,64.45,False,884000.0
Podgórze Duchackie,1,25.87,True,395000.0
Krowodrza,2,55.72,True,1139000.0
Krowodrza,3,48,True,890000.0
Mistrzejowice,1,38.76,True,499000.0
Krowodrza,1,23.32,False,455000.0
Prądnik Biały,1,34,True,499000.0
Nowa Huta,3,57,True,670000.0
Mistrzejowice,2,34,True,498000.0
Zwierzyniec,4,98,False,1540000.0
Krowodrza,3,52,True,740000.0
Krowodrza,1,17.01,True,339000.0
Podgórze,2,30.7,True,549000.0
Prądnik Biały,2,33.87,False,531759.0
Prądnik Biały,3,74.1,False,999000.0
Grzegórzki,2,45,True,675000.0
Stare Miasto,3,75,True,1099000.0
Prądnik Czerwony,2,43.85,False,649000.0
Nowa Huta,3,60.6,True,787000.0
Podgórze,3,50,False,799000.0
Bronowice,2,42,True,539000.0
Bieżanów-Prokocim,3,70.75,False,929000.0
Grzegórzki,2,48.3,False,780000.0
Nowa Huta,4,97,False,1160993.0
Krowodrza,1,25,True,450000.0
Bieżanów-Prokocim,3,70.75,False,929000.0
Bieżanów-Prokocim,2,44.42,True,715000.0
Nowa Huta,2,34,True,577455.0
Nowa Huta,3,63,False,720000.0
Wzgórza Krzesławickie,2,40.3,False,499000.0
Bieńczyce,3,47.3,True,650000.0
Bieżanów-Prokocim,3,54.45,True,899000.0
Prądnik Biały,4,109.78,True,1690000.0
Dębniki,3,59.5,True,950000.0
Krowodrza,2,51.61,True,890000.0
Stare Miasto,2,53,True,899000.0
Podgórze,4,88.88,True,1199000.0
Mistrzejowice,3,63,True,769000.0
Prądnik Biały,3,52.28,False,747000.0
Podgórze Duchackie,1,34,True,520000.0
Bieżanów-Prokocim,4,66,False,820000.0
Krowodrza,4,54.06,True,799000.0
Podgórze,2,36,False,580000.0
Czyżyny,3,63,True,750000.0
Grzegórzki,2,34,False,809000.0
Prądnik Biały,4,80,True,1599000.0
Łagiewniki-Borek Fałęcki,1,15.6,False,170000.0
Dębniki,2,35.45,False,550000.0
Prądnik Czerwony,2,49.98,True,759000.0
Podgórze Duchackie,2,37,True,630000.0
Stare Miasto,2,53.27,False,950000.0
Grzegórzki,2,48.48,False,749000.0
Prądnik Biały,3,68.56,True,999000.0
Zwierzyniec,2,51,True,816000.0
Podgórze,4,110.75,False,2270375.0
Podgórze Duchackie,2,36,True,585000.0
Krowodrza,3,48,True,890000.0
Bieżanów-Prokocim,3,46.85,True,679000.0
Podgórze,2,49.21,True,795000.0
Podgórze,1,23,False,448000.0
Prądnik Biały,4,90,True,1325000.0
Grzegórzki,1,24.04,True,384000.0
Zwierzyniec,2,45,True,640000.0
Mistrzejowice,2,39.3,True,614900.0
Prądnik Biały,3,76,True,1060000.0
Bronowice,3,64.31,False,871401.0
Dębniki,2,50,True,699000.0
Bieżanów-Prokocim,4,121.76,False,1499000.0
Podgórze Duchackie,1,25.87,True,395000.0
Bieżanów-Prokocim,3,57.76,True,990000.0
Krowodrza,2,37,True,690000.0
Podgórze Duchackie,2,43,True,245000.0
Podgórze Duchackie,3,47.6,False,660000.0
Podgórze Duchackie,3,65.7,True,825000.0
Stare Miasto,2,51.13,False,893000.0
Bieżanów-Prokocim,3,63.42,False,720000.0
Podgórze,2,54.38,False,749000.0
Krowodrza,2,36,True,699000.0
Nowa Huta,1,31,True,440000.0
Grzegórzki,2,34.67,True,919900.0
Prądnik Biały,2,33.1,False,330000.0
Czyżyny,4,62,True,810000.0
Podgórze Duchackie,3,57.66,False,630000.0
Grzegórzki,2,43,True,687000.0
Podgórze Duchackie,4,88.79,False,1078000.0
Stare Miasto,3,62.05,True,949000.0
Łagiewniki-Borek Fałęcki,2,39.65,True,649000.0
Nowa Huta,2,45,True,580000.0
Nowa Huta,2,47.5,True,619000.0
Podgórze,4,66.57,False,865410.0
Podgórze Duchackie,3,64.69,False,940000.0
Krowodrza,2,38.5,True,595000.0
Podgórze,2,30.7,True,549000.0
Bronowice,2,47,False,899000.0
Krowodrza,1,25,True,450000.0
Nowa Huta,3,60.4,False,799000.0
Grzegórzki,3,88.71,False,2642400.0
Czyżyny,2,33.6,True,600000.0
Bieżanów-Prokocim,2,42.2,True,695000.0
Mistrzejowice,3,63.12,False,770064.0
Podgórze,2,46.92,False,656000.0
Zwierzyniec,3,67.84,True,1757782.0
Bieńczyce,2,100,False,990000.0
Bieżanów-Prokocim,3,53,True,750000.0
Bieńczyce,2,47.43,True,650000.0
Łagiewniki-Borek Fałęcki,1,22,False,233000.0
Krowodrza,2,46,True,756756.0
Prądnik Biały,4,80,True,1599000.0
Grzegórzki,2,42.34,False,760850.0
Podgórze,4,72.8,False,1004640.0
Krowodrza,3,45,False,660000.0
Podgórze Duchackie,2,47.53,True,669000.0
Prądnik Biały,3,54.31,False,1065000.0
Podgórze Duchackie,1,12.3,False,165000.0
Bieżanów-Prokocim,2,28.5,True,490000.0
Zwierzyniec,3,70.85,False,1120000.0
Podgórze,3,75,True,1399000.0
Bieżanów-Prokocim,3,68.8,False,860000.0
Mistrzejowice,1,20,True,299000.0
Podgórze,3,62,True,1115000.0
Prądnik Biały,2,42,True,630000.0
Nowa Huta,2,37.5,False,530000.0
Dębniki,4,80.5,True,830000.0
Mistrzejowice,3,58.5,True,825000.0
Mistrzejowice,2,47,True,690000.0
Krowodrza,2,34.4,True,549000.0
Bieżanów-Prokocim,1,15.9,False,179000.0
Dębniki,2,49,True,695000.0
Podgórze Duchackie,3,63.9,False,702500.0
Prądnik Biały,2,37,False,569000.0
Stare Miasto,2,47,True,987000.0
Prądnik Biały,1,22.9,False,279000.0
Nowa Huta,4,97,False,1160993.0
Podgórze,4,99.87,False,1747725.0
Czyżyny,2,54.34,False,770000.0
Bieńczyce,4,54.2,True,755000.0
Prądnik Biały,4,89.6,False,1155840.0
Czyżyny,3,40,True,659000.0
Nowa Huta,3,60,True,890000.0
Podgórze,2,28.73,False,499000.0
Grzegórzki,2,43.5,True,590000.0
Krowodrza,2,37.71,True,773000.0
Krowodrza,2,37,True,690000.0
Bronowice,2,47,False,899000.0
Nowa Huta,3,52,True,749000.0
Podgórze Duchackie,1,15.5,False,155000.0
Bieńczyce,2,36.5,True,579000.0
Bronowice,3,54,True,680000.0
Stare Miasto,4,135.4,True,4200000.0
Łagiewniki-Borek Fałęcki,1,15.6,False,185000.0
Czyżyny,2,48.6,False,990000.0
Bieżanów-Prokocim,3,46.85,True,679000.0
Krowodrza,2,51.61,True,890000.0
Prądnik Czerwony,2,40.73,False,599000.0
Prądnik Czerwony,2,53.65,False,649000.0
Bieżanów-Prokocim,2,49.47,True,649000.0
Prądnik Biały,2,32.01,False,549000.0
Podgórze Duchackie,3,68,True,1250000.0
Podgórze Duchackie,2,34.59,True,599000.0
Mistrzejowice,3,65,True,725000.0
Prądnik Czerwony,2,41,False,609000.0
Grzegórzki,3,61.97,True,1320000.0
Nowa Huta,4,95,False,1138955.0
Podgórze,3,62,True,1115000.0
Stare Miasto,4,163,True,2650000.0
Grzegórzki,3,61.97,True,1320000.0
Nowa Huta,3,48,False,695000.0
Stare Miasto,4,115.2,False,2050000.0
Bieżanów-Prokocim,2,48,True,600000.0
Dębniki,3,65.29,False,1039000.0
Podgórze,2,35.66,False,555000.0
Podgórze,2,49.12,True,791000.0
Podgórze,2,44.98,False,769345.0
Krowodrza,2,40.22,False,689000.0
Bieńczyce,2,37,True,517000.0
Krowodrza,2,37.71,True,773000.0
Krowodrza,1,17.01,True,339000.0
Prądnik Czerwony,2,53.06,False,1000000.0
Stare Miasto,2,34,True,599000.0
Prądnik Czerwony,3,52.5,True,699000.0
Podgórze,2,63.03,False,1200000.0
Podgórze Duchackie,2,47.5,True,650000.0
Czyżyny,4,68,True,1150000.0
Krowodrza,1,19.2,False,249000.0
Grzegórzki,1,34,True,579000.0
Prądnik Czerwony,4,75.21,False,1052940.0
Czyżyny,3,65.05,False,898000.0
Stare Miasto,2,48.13,True,879000.0
Prądnik Biały,2,40.14,False,635000.0
Krowodrza,2,50.14,True,852000.0
Krowodrza,3,48,True,890000.0
Bieżanów-Prokocim,3,69.34,False,699000.0
Dębniki,2,52.39,False,706741.1
Podgórze Duchackie,3,62.4,False,795000.0
Podgórze,3,61.91,True,1115000.0
Krowodrza,1,13.79,False,379000.0
Podgórze,1,27.02,True,645000.0
Dębniki,3,57.07,True,1044381.0
Krowodrza,4,88,True,1100000.0
Bieżanów-Prokocim,2,33,True,495000.0
Nowa Huta,2,26,False,459000.0
Prądnik Biały,1,21.13,False,250000.0
Podgórze,3,75,True,1425000.0
Bieżanów-Prokocim,3,47.03,True,576000.0
Prądnik Biały,4,96.13,True,1490000.0
Podgórze,1,26,False,429000.0
Bieżanów-Prokocim,1,21.8,True,330000.0
Prądnik Biały,2,30.6,False,350000.0
Bieńczyce,2,36.07,False,549000.0
Prądnik Biały,4,75,False,899000.0
Bieńczyce,2,42.43,False,619000.0
Prądnik Biały,2,39,True,749000.0
Bieżanów-Prokocim,1,20,True,299000.0
Stare Miasto,2,35,True,599000.0
Prądnik Czerwony,2,53.06,False,1000000.0
Krowodrza,2,44,True,899000.0
Podgórze,4,79,True,1480000.0
Prądnik Biały,3,51.5,True,740000.0
Prądnik Czerwony,2,54.71,True,819500.0
Bieżanów-Prokocim,3,53.54,False,615000.0
Bronowice,1,38.5,False,599999.0
Krowodrza,3,60,True,1100000.0
Bieżanów-Prokocim,3,63,True,998000.0
Mistrzejowice,3,48,False,698000.0
Bieżanów-Prokocim,2,27.2,True,340000.0
Podgórze,2,52.48,True,1086336.0
Krowodrza,2,39,True,699000.0
Prądnik Czerwony,2,46.3,True,569000.0
Bieżanów-Prokocim,2,51.8,True,779000.0
Bieżanów-Prokocim,2,45.36,False,657720.0
Krowodrza,1,16.4,True,289000.0
Stare Miasto,2,35,True,599000.0
Bronowice,3,64.25,True,1050000.0
Podgórze Duchackie,2,37.5,True,649000.0
Prądnik Czerwony,2,40,True,602999.0
Grzegórzki,2,57,False,889000.0
Prądnik Czerwony,3,64.45,False,884000.0
Prądnik Biały,3,62.15,False,919000.0
Stare Miasto,4,163,True,2650000.0
Krowodrza,2,37.71,True,773000.0
Bieżanów-Prokocim,3,47.03,True,576000.0
Dębniki,3,46.73,True,674990.0
Nowa Huta,1,32,True,459000.0
Łagiewniki-Borek Fałęcki,1,15.6,False,170000.0
Mistrzejowice,3,54.65,False,765100.0
Prądnik Biały,4,67.65,False,1270000.0
Prądnik Biały,1,22.9,False,279000.0
Bieżanów-Prokocim,2,40.97,True,640000.0
Podgórze,2,39.85,True,695000.0
Grzegórzki,3,53,False,1098200.0
Zwierzyniec,1,34.84,False,545000.0
Bieżanów-Prokocim,2,45,True,640000.0
Prądnik Czerwony,3,45.86,False,550000.0
Prądnik Czerwony,2,62.04,True,804224.52
Bieżanów-Prokocim,3,49.57,False,577000.0
Nowa Huta,2,30.77,False,499999.0
Podgórze Duchackie,4,70,True,950000.0
Mistrzejowice,3,65.92,False,919000.0
Mistrzejowice,2,31.62,True,496000.0
Podgórze Duchackie,4,73.44,True,849000.0
Bieńczyce,1,23.69,False,420000.0
Mistrzejowice,2,47,True,835000.0
Czyżyny,1,33,True,549900.0
Podgórze,2,46,True,999999.0
Prądnik Czerwony,4,75.21,False,1052940.0
Bieńczyce,2,36,True,550000.0
Czyżyny,1,33,True,549900.0
Podgórze,4,74.9,True,929000.0
Stare Miasto,2,32.36,False,405000.0
Podgórze Duchackie,3,82,True,949000.0
Podgórze,2,29,True,478000.0
Zwierzyniec,4,102.8,True,1289999.0
Prądnik Biały,3,62,False,747000.0
Krowodrza,3,46,True,830000.0
Podgórze,4,58,True,879000.0
Podgórze,4,78.48,False,1098720.0
Prądnik Biały,2,40.14,False,635000.0
Bieńczyce,2,46.76,True,550000.0
Dębniki,2,48.81,True,990000.0
Nowa Huta,2,49.1,False,700000.0
Prądnik Biały,1,28.82,False,458238.0
Nowa Huta,3,52,True,749000.0
Podgórze Duchackie,2,31.4,True,590000.0
Bieńczyce,2,42.52,True,595000.0
Nowa Huta,2,35,True,599000.0
Bieżanów-Prokocim,1,33,True,184900.0
Podgórze,2,46,False,561200.0
Nowa Huta,4,97,False,1160993.0
Prądnik Czerwony,2,40.73,False,599000.0
Dębniki,4,84,False,930000.0
Krowodrza,2,55.97,True,799000.0
Stare Miasto,2,40.98,True,1050000.0
Krowodrza,2,30.77,False,476627.0
Bronowice,4,60,False,810000.0
Dębniki,4,70.34,True,1265909.0
Prądnik Biały,2,46.58,True,791860.0
Krowodrza,2,73.5,False,1385000.0
Podgórze,3,59,True,1200000.0
Grzegórzki,4,53.4,False,849000.0
Krowodrza,2,44,True,899000.0
Prądnik Biały,2,33.1,False,330000.0
Bieżanów-Prokocim,3,68.8,False,860000.0
Grzegórzki,2,38.09,False,818935.0
Bieżanów-Prokocim,1,18.5,False,189000.0
Dębniki,3,46.4,False,695000.0
Stare Miasto,1,24.95,False,419000.0
Grzegórzki,2,46.4,True,699000.0
Stare Miasto,2,60,True,1200000.0
Dębniki,2,46.5,True,735000.0
Nowa Huta,3,50.31,True,754490.0
Podgórze,3,61.79,True,1200000.0
Bronowice,3,62.19,False,833346.0
Bieżanów-Prokocim,2,37.1,True,495000.0
Prądnik Czerwony,3,45.86,False,550000.0
Stare Miasto,2,40.26,False,795000.0
Bronowice,3,62.19,False,833346.0
Krowodrza,2,39,False,660000.0
Krowodrza,2,37.71,True,773000.0
Krowodrza,3,64,False,929000.0
Podgórze,4,114,False,895950.0
Podgórze Duchackie,3,53,True,700000.0
Prądnik Biały,4,73.35,True,899000.0
Prądnik Czerwony,3,53,True,660000.0
Bieńczyce,2,39,False,510000.0
Prądnik Czerwony,3,63.12,False,1150000.0
Stare Miasto,2,47,True,987000.0
Bieńczyce,2,37,True,517000.0
Bieżanów-Prokocim,3,64.1,True,960000.0
Bronowice,3,54.22,False,780226.0
Prądnik Biały,3,68,True,1050000.0
Prądnik Czerwony,4,160,True,1750000.0
Prądnik Czerwony,1,32.2,True,595000.0
Dębniki,3,63.82,True,750000.0
Nowa Huta,3,66,True,765000.0
Zwierzyniec,2,56.33,True,1577000.0
Prądnik Czerwony,2,34.94,False,528000.0
Bieżanów-Prokocim,3,57.76,True,990000.0
Grzegórzki,2,43.35,True,1432800.0
Grzegórzki,2,48.6,False,570999.0
Zwierzyniec,3,52,True,810000.0
Stare Miasto,3,76.51,True,1699000.0
Prądnik Biały,2,42.18,False,729000.0
Dębniki,2,65.16,False,745000.0
Bieżanów-Prokocim,2,42.24,False,670000.0
Podgórze,3,59.26,False,999000.0
Dębniki,1,34.5,True,495000.0
Łagiewniki-Borek Fałęcki,3,50.07,False,950000.0
Czyżyny,3,62.24,False,980000.0
Stare Miasto,1,30.43,False,880000.0
Prądnik Czerwony,4,75.21,False,1052940.0
Dębniki,3,60.7,True,829000.0
Podgórze,2,46,False,561200.0
Nowa Huta,2,35.2,True,629000.0
Nowa Huta,1,37,True,474011.0
Podgórze,1,28.83,False,485000.0
Grzegórzki,1,23,True,506000.0
Mistrzejowice,3,57,True,683000.0
Podgórze,2,33,False,585000.0
Czyżyny,3,57,False,899000.0
Prądnik Biały,2,56.6,True,735000.0
Czyżyny,3,63,True,750000.0
Grzegórzki,2,34,False,809000.0
Podgórze Duchackie,3,57.55,True,690000.0
Prądnik Biały,2,56.6,True,735000.0
Podgórze,2,37.71,False,549000.0
Mistrzejowice,2,48.2,True,767000.0
Bieżanów-Prokocim,3,93.84,False,869000.0
Wzgórza Krzesławickie,2,40.7,True,479000.0
Podgórze,4,74.37,False,809000.0
Bieńczyce,2,37.81,True,510000.0
Podgórze Duchackie,2,49,True,320000.0
Bronowice,3,97,True,1350000.0
Prądnik Biały,4,120.6,True,1549000.0
Krowodrza,2,48.09,False,780000.0
Podgórze,2,46,False,561200.0
Bieńczyce,2,46.76,True,550000.0
Mistrzejowice,4,63,False,750000.0
Bieńczyce,2,36.4,False,650000.0
Dębniki,2,52,False,675000.0
Dębniki,3,56.9,True,885000.0
Krowodrza,3,59.35,False,830000.0
Podgórze,3,67,True,1390000.0
Łagiewniki-Borek Fałęcki,4,82,True,1349000.0
Podgórze,2,37,True,749000.0
Prądnik Biały,3,50,False,759000.0
Łagiewniki-Borek Fałęcki,2,29.9,False,481400.0
Stare Miasto,4,115.2,False,2050000.0
Prądnik Czerwony,3,45.86,False,550000.0
Krowodrza,2,50.14,True,852000.0
Podgórze Duchackie,4,67,False,830000.0
Krowodrza,2,45.85,True,675000.0
Czyżyny,3,84,False,1140000.0
Stare Miasto,2,52.62,True,1235000.0
Grzegórzki,3,71.95,False,1431000.0
Podgórze Duchackie,3,61.4,True,890000.0
Nowa Huta,2,35.2,True,629000.0
Dębniki,2,58,True,849000.0
Stare Miasto,1,28.9,True,644470.0
Czyżyny,3,59.03,False,796905.0
Bieńczyce,2,36,True,550000.0
Stare Miasto,2,40.26,False,795000.0
Krowodrza,2,37.71,True,773000.0
Bieżanów-Prokocim,3,61,False,770000.0
Nowa Huta,3,46,False,596000.0
Prądnik Biały,3,62.65,True,1060000.0
Dębniki,4,68.99,True,1154832.0
Nowa Huta,3,56.37,True,840000.0
Grzegórzki,1,30,True,660000.0
Bronowice,3,65.73,True,799990.0
Podgórze,2,56,True,515000.0
Krowodrza,2,43,True,825000.0
Podgórze,1,21,True,425000.0
Prądnik Czerwony,2,53.06,False,1000000.0
Podgórze,2,30.7,True,549000.0
Bieńczyce,2,37,True,517000.0
Bieżanów-Prokocim,2,54.5,True,749000.0
Bieżanów-Prokocim,3,46.85,True,679000.0
Mistrzejowice,1,29,True,470000.0
Czyżyny,3,52,True,639000.0
Podgórze,3,51.15,True,1010000.0
Prądnik Biały,2,38.5,True,639000.0
Podgórze,3,64.88,False,940760.0
Prądnik Czerwony,2,58.83,True,775000.0
Podgórze,4,71.9,True,1292050.0
Łagiewniki-Borek Fałęcki,2,37.55,True,649000.0
Podgórze,3,75,True,1425000.0
Czyżyny,3,63,True,750000.0
Krowodrza,2,39,True,699000.0
Podgórze,1,31.4,True,599000.0
Krowodrza,2,38.7,True,750000.0
Bronowice,3,81.52,False,1483664.0
Podgórze Duchackie,4,56,True,833900.0
Podgórze Duchackie,1,33.3,True,550000.0
Czyżyny,2,42.85,True,775000.0
Krowodrza,3,52,False,649000.0
Wzgórza Krzesławickie,2,47,False,590000.0
Stare Miasto,1,37.44,True,675000.0
Zwierzyniec,2,46.23,False,689000.0
Krowodrza,2,50.14,True,852000.0
Czyżyny,3,53,True,300000.0
Podgórze,2,46,False,561200.0
Bieńczyce,3,48.5,False,789000.0
Grzegórzki,1,18.14,True,379000.0
Prądnik Biały,4,80.9,True,829000.0
Wzgórza Krzesławickie,2,39.2,True,519000.0
Bronowice,2,62,True,940000.0
Stare Miasto,3,58.77,False,719000.0
Mistrzejowice,4,65,True,965000.0
Grzegórzki,3,47.55,True,829000.0
Prądnik Biały,4,116,True,1399000.0
Bieżanów-Prokocim,3,68.8,False,860000.0
Grzegórzki,2,43.35,True,1432800.0
Prądnik Czerwony,2,46.3,True,569000.0
Łagiewniki-Borek Fałęcki,3,48.83,False,870000.0
Prądnik Biały,3,52.48,False,659000.0
Podgórze Duchackie,3,61.5,True,850000.0
Czyżyny,1,35.3,True,555000.0
Prądnik Biały,3,57,False,899000.0
Dębniki,2,38.28,False,594000.0
Podgórze Duchackie,3,53.24,True,845000.0
Bieżanów-Prokocim,3,63.29,False,854415.0
Nowa Huta,2,38.88,True,569000.0
Bronowice,1,40.5,True,570000.0
Bieńczyce,2,46.76,True,550000.0
Krowodrza,2,39,True,699000.0
Podgórze,3,75,True,1425000.0
Bieńczyce,2,40.62,False,890000.0
Mistrzejowice,3,63.75,False,799000.0
Podgórze Duchackie,3,61.4,True,850000.0
Nowa Huta,3,53.4,True,655000.0
Nowa Huta,3,63,True,799000.0
Dębniki,3,73,True,1300000.0
Grzegórzki,3,59,False,1249000.0
Nowa Huta,2,39,True,500000.0
Bieżanów-Prokocim,2,50,False,595000.0
Podgórze,2,39,True,699999.0
Podgórze Duchackie,2,36,True,585000.0
Nowa Huta,4,85,False,1031050.0
Krowodrza,2,55.72,True,1139000.0
Podgórze,2,39.04,False,688000.0
Podgórze,3,62,True,1195000.0
Grzegórzki,3,62.5,False,789000.0
Stare Miasto,3,64.4,True,1159000.0
Prądnik Czerwony,3,75.38,False,1250000.0
Dębniki,3,57.8,False,606000.0
Nowa Huta,3,52.11,True,690000.0
Prądnik Biały,2,42.98,False,650000.0
Dębniki,3,60,False,999999.0
Stare Miasto,2,34.5,True,755000.0
Bieńczyce,2,37,True,517000.0
Bieżanów-Prokocim,3,57.76,True,990000.0
Podgórze Duchackie,2,62.34,True,809000.0
Nowa Huta,1,33,False,390000.0
Prądnik Biały,3,67,True,1190000.0
Prądnik Czerwony,2,43,False,649000.0
Podgórze,2,39.93,True,685000.0
Łagiewniki-Borek Fałęcki,2,52.12,True,840000.0
Prądnik Biały,3,54.2,False,750000.0
Dębniki,3,60,True,940000.0
Prądnik Czerwony,3,52.5,True,699000.0
Mistrzejowice,3,59.3,True,1025000.0
Stare Miasto,4,163,True,2650000.0
Bieżanów-Prokocim,2,37.1,True,495000.0
Krowodrza,2,39,True,659000.0
Podgórze,2,44.94,True,939000.0
Prądnik Czerwony,3,41.4,False,561000.0
Podgórze,4,114.88,False,1699999.0
Stare Miasto,3,120,True,3990000.0
Prądnik Czerwony,2,50,False,619000.0
Bronowice,2,36.43,False,668490.5
Bieńczyce,2,36.9,False,560000.0
Krowodrza,1,25,True,450000.0
Grzegórzki,2,34,False,809000.0
Stare Miasto,2,40.26,False,795000.0
Bronowice,2,44,True,799000.0
Prądnik Biały,3,49.5,False,699000.0
Łagiewniki-Borek Fałęcki,1,16.7,False,173000.0
Prądnik Czerwony,2,35.46,True,699000.0
Podgórze,2,39,True,909000.0
Prądnik Czerwony,4,83.18,True,2600000.0
Podgórze Duchackie,1,28.23,False,462000.0
Stare Miasto,1,37,False,659000.0
Prądnik Biały,3,58,True,669000.0
Stare Miasto,1,37,False,659000.0
Bieżanów-Prokocim,2,45,True,640000.0
Bieńczyce,4,91,False,549000.0
Nowa Huta,1,18,True,379000.0
Prądnik Biały,3,45,True,599900.0
Stare Miasto,2,57.16,True,1300000.0
Bronowice,3,63.5,True,1130000.0
Mistrzejowice,3,51.11,True,795000.0
Podgórze,3,75.19,False,1199000.0
Nowa Huta,3,55.01,True,1099000.0
Bieżanów-Prokocim,4,113,False,1099000.0
Bronowice,2,33.49,True,569000.0
Łagiewniki-Borek Fałęcki,2,47,False,580000.0
Mistrzejowice,3,59.3,True,1025000.0
Krowodrza,2,39,True,699000.0
Prądnik Czerwony,2,53.06,False,1000000.0
Podgórze,3,50,True,949000.0
Stare Miasto,3,176,False,4399000.0
Dębniki,3,51.19,True,989000.0
Podgórze,2,43.23,True,570000.0
Podgórze Duchackie,4,154,False,1399000.0
Mistrzejowice,2,36.63,False,586080.0
Prądnik Biały,2,37.36,False,545000.0
Prądnik Biały,3,61.84,True,850000.0
Nowa Huta,4,95,False,1138955.0
Prądnik Biały,3,59.5,True,1050000.0
Prądnik Czerwony,2,46.3,True,569000.0
Podgórze,3,75,True,1425000.0
Grzegórzki,3,57,True,1160000.0
Podgórze Duchackie,4,68.96,False,964000.0
Łagiewniki-Borek Fałęcki,1,32.39,True,529000.0
Podgórze Duchackie,1,18.8,False,249000.0
Krowodrza,1,25,False,450000.0
Podgórze Duchackie,1,14,False,165000.0
Grzegórzki,2,46.52,True,895000.0
Krowodrza,1,27.52,False,550000.0
Podgórze,2,46,True,999999.0
Bieżanów-Prokocim,3,47.03,True,576000.0
Krowodrza,1,17.01,True,339000.0
Krowodrza,1,27.52,False,550000.0
Podgórze Duchackie,2,36,True,584000.0
Krowodrza,1,23.44,True,495000.0
Stare Miasto,1,22.47,False,489000.0
Podgórze Duchackie,3,59.5,False,699000.0
Prądnik Biały,4,80,True,1599000.0
Bronowice,2,48.6,True,795000.0
Czyżyny,3,53,True,300000.0
Podgórze,2,45,True,649000.0
Grzegórzki,2,54.4,True,1496000.0
Krowodrza,2,51.61,True,890000.0
Prądnik Czerwony,2,40.73,False,599000.0
Bieżanów-Prokocim,2,33,True,495000.0
Dębniki,2,38.1,False,539000.0
Prądnik Biały,4,72.34,False,996483.0
Czyżyny,1,29.44,True,529000.0
Podgórze,3,49.7,True,830000.0
Podgórze,2,42.19,True,669000.0
Prądnik Biały,3,51,False,595000.0
Prądnik Biały,3,67,True,1159000.0
Prądnik Czerwony,2,38.76,False,647292.0
Podgórze,3,49.2,False,830000.0
Podgórze,3,75,True,1425000.0
Bieńczyce,2,37,True,517000.0
Bieżanów-Prokocim,2,51.8,True,779000.0
Nowa Huta,2,35.2,True,629000.0
Bronowice,2,35.71,True,535000.0
Bieżanów-Prokocim,3,64.1,True,960000.0
Prądnik Biały,3,78,False,1100000.0
Czyżyny,2,43,True,725000.0
Dębniki,2,58,True,797000.0
Podgórze,2,44,True,1160000.0
Swoszowice,3,96,True,997600.0
Nowa Huta,1,32.24,True,425000.0
Łagiewniki-Borek Fałęcki,3,50,True,799999.0
Bieżanów-Prokocim,3,68.8,False,860000.0
Bieżanów-Prokocim,3,61,True,815000.0
Mistrzejowice,3,59.3,True,1025000.0
Podgórze Duchackie,3,52,False,669000.0
Bieżanów-Prokocim,1,17.5,False,215000.0
Czyżyny,3,65.2,True,930000.0
Bronowice,3,55,True,799000.0
Bieńczyce,2,46.76,True,550000.0
Podgórze Duchackie,3,61,True,1099000.0
Bieżanów-Prokocim,2,48.97,True,695000.0
Wzgórza Krzesławickie,1,28,True,465000.0
Mistrzejowice,3,59.3,True,1025000.0
Podgórze Duchackie,3,57.55,True,690000.0
Prądnik Biały,3,52.5,True,709000.0
Podgórze,2,55.78,False,659000.0
Prądnik Czerwony,3,51,True,815000.0
Grzegórzki,2,18.8,False,299000.0
Podgórze,2,57.3,False,885000.0
Bieżanów-Prokocim,3,60.23,False,848000.0
Zwierzyniec,4,118.31,False,1834000.0
Nowa Huta,2,44,True,569000.0
Stare Miasto,4,103.27,False,2730000.0
Podgórze Duchackie,3,62.7,True,999000.0
Bieżanów-Prokocim,3,46.85,True,679000.0
Stare Miasto,1,37,False,659000.0
Prądnik Czerwony,3,53.98,False,949000.0
Krowodrza,2,67,True,1250000.0
Bieńczyce,3,49.77,True,799000.0
Prądnik Biały,3,51.5,True,745000.0
Prądnik Biały,4,71.5,True,1288000.0
Bieżanów-Prokocim,3,62,True,770000.0
Czyżyny,2,36.28,False,598620.0
Prądnik Biały,3,53.93,False,650000.0
Prądnik Czerwony,4,142,True,1549000.0
Dębniki,3,44,True,844900.0
Prądnik Czerwony,2,53.06,False,1000000.0
Krowodrza,2,46,True,756756.0
Stare Miasto,2,53,True,899000.0
Prądnik Biały,2,42.8,True,699000.0
Wzgórza Krzesławickie,2,50,False,640000.0
Czyżyny,3,69,True,1320000.0
Podgórze,4,89.01,True,1450000.0
Krowodrza,2,37,True,716000.0
Prądnik Czerwony,3,62,True,965000.0
Dębniki,4,90.14,False,1430000.0
Grzegórzki,3,66.69,True,1200000.0
Dębniki,2,48.6,False,683316.0
Czyżyny,2,50,True,770000.0
Podgórze,2,30.7,True,549000.0
Bieżanów-Prokocim,3,68.8,False,860000.0
Łagiewniki-Borek Fałęcki,1,22,False,233000.0
Prądnik Czerwony,2,49.1,True,800000.0
Krowodrza,3,45,False,674000.0
Bieżanów-Prokocim,3,51,True,630000.0
Podgórze,1,31.3,True,599000.0
Podgórze Duchackie,1,36,True,249000.0
Podgórze,3,62.1,True,999810.0
Podgórze Duchackie,2,37.5,True,649000.0
Prądnik Czerwony,3,54,True,830000.0
Prądnik Czerwony,3,51.69,False,842547.0
Grzegórzki,3,68.3,False,1190000.0
